rank,GFP_type,mutation_count,aaMutations,pred_delta_log_brightness_mean,pred_delta_log_brightness_std,final_score,single_prior_sum,single_prior_available_ratio,stability_risk
1,amacGFP,2,I166T:L235M,0.1178742140531539,0.0081208803911178,0.113813773857595,0.072957754,1.0,low
2,amacGFP,2,I166T:T183M,0.1119527906179428,0.0120286993728165,0.1059384409315345,0.07199946,1.0,low
3,amacGFP,2,A205V:V162A,0.1107499405741691,0.0157729276874247,0.1028634767304567,0.019083219,1.0,low
4,amacGFP,2,I166T:L193V,0.1056718587875366,0.011160963013302,0.1000913772808856,0.069028705,1.0,low
5,amacGFP,2,I166T:T8A,0.1055267572402954,0.011840584884998,0.0996064647977963,0.07216393,1.0,low
6,amacGFP,2,I166T:I46V,0.1087950214743614,0.0204039172903873,0.0985930628291677,0.07209416,1.0,low
7,amacGFP,2,I166T:N158K,0.1048638820648193,0.0244476021287905,0.092640081000424,0.071116865,1.0,low
8,amacGFP,2,I166T:S224T,0.0990285128355026,0.0132532596685614,0.0924018830012219,0.07460249,1.0,low
9,amacGFP,2,I122V:I166V,0.0966608971357345,0.0108245570914684,0.0912486185900003,0.073215894,1.0,low
10,amacGFP,2,I166T:T49S,0.0986973464488983,0.0157183237387159,0.0908381845795403,0.06897935,1.0,low
1,amacGFP,3,D128E:E131K:I166T,0.0971276819705963,0.0184323601985816,0.0879115018713054,0.07397052,1.0,low
2,amacGFP,3,I122V:I15V:I166T,0.0936227738857269,0.0171655841619992,0.0850399818047273,0.084390536,1.0,low
3,amacGFP,3,I166T:L177H:T8A,0.0863407135009765,0.0079691063535303,0.0823561603242114,0.08118228,1.0,low
4,amacGFP,3,I166T:I196F:Y236D,0.0858476042747497,0.0160395069647172,0.0778278507923911,0.0833438,1.0,low
5,amacGFP,3,G174V:I166T:L177F,0.0801414191722869,0.0073333657379335,0.0764747363033202,0.1097808,1.0,low
6,amacGFP,3,I166T:I46V:S27R,0.083258581161499,0.0154037861824971,0.0755566880702504,0.075551294,1.0,low
7,amacGFP,3,H168L:I166T:L200V,0.0811689727008342,0.0122825039190593,0.0750277207413046,0.1565726,1.0,low
8,amacGFP,3,D37N:G173S:I166T,0.0813814520835876,0.0165779299659259,0.0730924871006246,0.072844796,1.0,low
9,amacGFP,3,E89D:I166T:K237R,0.0771280646324157,0.0110121786781954,0.071621975293318,0.07406367,1.0,low
10,amacGFP,3,E131K:E75Q:I166T,0.0762181602418422,0.0118679939078221,0.0702841632879312,0.07395102,1.0,low
1,amacGFP,4,D101E:I166T:Q203R:T229S,0.083316633850336,0.0162954997161606,0.0751688839922557,0.089566916,1.0,low
2,amacGFP,4,D128E:I15V:I166T:I196L,0.0828839629888534,0.0176123760304903,0.0740777749736082,0.08496997,1.0,low
3,amacGFP,4,I166T:N143H:S27R:T229S,0.0729136578738689,0.0096009054309548,0.0681132051583915,0.09680678,1.0,low
4,amacGFP,4,D128E:I166T:T229S:V162A,0.0746038638055324,0.0129876490844496,0.0681100392633076,0.087751016,1.0,low
5,amacGFP,4,E89D:I166T:M152K:N163H,0.0743319615721702,0.0147466626820027,0.0669586302311688,0.08848388,1.0,low
6,amacGFP,4,E89K:I166T:L140M:M232V,0.0710422717034816,0.0154033583346983,0.0633405925361325,0.09016717,1.0,low
7,amacGFP,4,I166T:N163H:T62S:V162A,0.0697844177484512,0.014967030511771,0.0623009024925657,0.11466064,1.0,low
8,amacGFP,4,E110A:G227E:I166T:L177F,0.0667148634791374,0.0106672037450267,0.061381261606624,0.11386067,1.0,low
9,amacGFP,4,D128E:G188V:I166T:I46V,0.0669263623654842,0.011277920556023,0.0612874020874727,0.07716531,1.0,low
10,amacGFP,4,I122V:I166V:I43V:L6M,0.0692514292895793,0.0178199596492152,0.0603414494649717,0.088811345,1.0,low
1,amacGFP,5,E131K:E75D:I166T:L200V:S224T,0.065158949047327,0.0184278859418976,0.0559450060763782,0.12114103,1.0,low
2,amacGFP,5,E131K:I166V:L140M:T183A:T204S,0.0619764424860477,0.0172280891761866,0.0533623978979544,0.1249436,1.0,low
3,amacGFP,5,D101E:E114R:I166T:L6M:M152K,0.0590355888009071,0.0136966931623513,0.0521872422197314,0.08134148,1.0,low
4,amacGFP,5,D101E:E94Q:H168L:I166T:T62S,0.059602565318346,0.0187413958303887,0.0502318674031516,0.16724794,1.0,low
5,amacGFP,5,D233E:E110K:G173S:I122V:I166V,0.0551964029669761,0.0108266544416652,0.0497830757461435,0.08617714,1.0,low
6,amacGFP,5,D101E:D179N:G188V:I166T:Y181H,0.054855627566576,0.0108416309156171,0.0494348121087674,0.08493615,1.0,low
7,amacGFP,5,D116A:G173S:I166T:I43V:N163H,0.0561920493841171,0.0141324166782689,0.0491258410449826,0.10239587,1.0,low
8,amacGFP,5,D18E:H76D:I166T:S201R:T204S,0.0570044443011283,0.0158063234107922,0.0491012825957322,0.14729315,1.0,low
9,amacGFP,5,H228L:I166T:N158K:T8A:Y236H,0.0543306797742843,0.0128207448760828,0.0479203073362429,0.08352112,1.0,low
10,amacGFP,5,I166T:I46V:T8N:Y150H:Y38V,0.0517166569828987,0.0120756805182394,0.0456788167237789,0.08712651,1.0,low
1,avGFP,2,A205V:V162A,0.2111805319786071,0.0246063553649034,0.1988773542961554,0.06623258,1.0,low
2,avGFP,2,L177I:V162A,0.2045638591051101,0.0192246331709675,0.1949515425196264,0.055001922,1.0,low
3,avGFP,2,L177I:Q183R,0.1991505414247512,0.0170798671508521,0.1906106078493252,0.031686954,1.0,low
4,avGFP,2,K213E:V162A,0.197581997513771,0.0201202387994331,0.1875218781140545,0.03968474,1.0,low
5,avGFP,2,D18E:L177V,0.1957670956850052,0.0265683533853576,0.1824829189923263,0.08530527,1.0,low
6,avGFP,2,L136M:V162A,0.1951894909143448,0.0254176507508105,0.1824806655389395,0.056610283,1.0,low
7,avGFP,2,E110V:L14R,0.1879965543746948,0.0152821796136665,0.1803554645678615,0.01721601,1.0,low
8,avGFP,2,E5R:S174T,0.1887766629457473,0.0189602771842628,0.1792965243536159,0.09241063,1.0,low
9,avGFP,2,K157G:L235P,0.1926355987787246,0.0269913383065799,0.1791399296254347,0.11054559,1.0,low
10,avGFP,2,L177V:S201C,0.1882604241371154,0.0188346875577032,0.1788430803582638,0.05435536,1.0,low
1,avGFP,3,L177I:Q183R:Y38S,0.195576474070549,0.0181723434870442,0.1864903023270269,0.066270694,1.0,low
2,avGFP,3,D18E:S201C:V162A,0.1943174719810486,0.0219293909562732,0.1833527765029119,0.080726564,1.0,low
3,avGFP,3,K157V:S174T:T224S,0.190531387925148,0.0167289274489619,0.182166924200667,0.15009584,1.0,low
4,avGFP,3,I228M:L177V:V67M,0.189261320233345,0.0187723795063139,0.179875130480188,0.07170143,1.0,low
5,avGFP,3,L177V:S201C:T229S,0.182352539896965,0.0082340068411172,0.1782355364764064,0.05874504,1.0,low
6,avGFP,3,I228M:M232R:N143G,0.1797435402870178,0.0064573105395871,0.1765148850172242,0.08043686,1.0,low
7,avGFP,3,L177V:L43M:T42A,0.1872724950313568,0.0247288020103088,0.1749080940262024,0.07461382,1.0,low
8,avGFP,3,I228M:K139R:V162A,0.1814456045627594,0.017495270559004,0.1726979692832573,0.048144575,1.0,low
9,avGFP,3,D18E:T42S:Y38N,0.1831418931484222,0.0256879760448461,0.1702979051259991,0.10171503,1.0,low
10,avGFP,3,K157G:Q79H:T229S,0.1723621219396591,0.0044901499322113,0.1701170469735534,0.10732209,1.0,low
1,avGFP,4,E4R:N163T:T42S:V162A,0.1904447048902511,0.0165840871325115,0.1821526613239953,0.09360717,1.0,low
2,avGFP,4,S174T:S201C:T224S:Y38S,0.1855810075998306,0.0104651611546512,0.1803484270225049,0.13269,1.0,low
3,avGFP,4,D172G:E4R:F222Y:V162A,0.1705903887748718,0.0060267964858093,0.1675769905319671,0.049977742,1.0,low
4,avGFP,4,D18N:K157V:Q183R:R167H,0.1724809378385544,0.0128634610554864,0.1660492073108111,0.10015788,1.0,low
5,avGFP,4,L14V:N104Y:N158D:Y38S,0.1719630777835846,0.0131439482666896,0.1653911036502398,0.07209987,1.0,low
6,avGFP,4,A205V:L136M:V162A:Y144L,0.170483249425888,0.011755641739288,0.164605428556244,0.11517371,1.0,low
7,avGFP,4,H24Q:I127M:L177V:M152V,0.1703063815832138,0.0137108525387658,0.1634509553138309,0.08422276,1.0,low
8,avGFP,4,L177V:L235Q:T61S:V67M,0.1673232942819595,0.0113433806367813,0.1616516039635688,0.076094225,1.0,low
9,avGFP,4,E4R:I170T:L177I:T96I,0.1714505404233932,0.0223873169998634,0.1602568819234615,0.05913268,1.0,low
10,avGFP,4,H76Y:I46V:M152V:V162A,0.1664949417114258,0.0126566880427073,0.160166597690072,0.05190583,1.0,low
1,avGFP,5,G231C:I127A:K157G:V175M:V67M,0.1833447068929672,0.0099956344303481,0.1783468896777931,0.15129574,1.0,low
2,avGFP,5,G3S:K139R:K157G:K78R:S174C,0.1685521632432937,0.0073462039010971,0.1648790612927451,0.11560553,1.0,low
3,avGFP,5,E110Q:I127A:K161T:L177V:V67M,0.1671118170022964,0.0079673340331735,0.1631281499857096,0.12722497,1.0,low
4,avGFP,5,D116G:D18N:I127M:I170V:S29T,0.1717676430940628,0.0219719159431346,0.1607816851224954,0.042855382,1.0,low
5,avGFP,5,D196A:E4R:M152I:Q183R:V162A,0.1658133566379547,0.0104042856620949,0.1606112138069072,0.06746411,1.0,low
6,avGFP,5,N143G:S174G:S201C:V162A:V175M,0.1631857514381408,0.0059538300646533,0.1602088364058142,0.10373951,1.0,low
7,avGFP,5,A226P:H230N:L177V:M152V:T229S,0.1591287553310394,0.0084500685654545,0.1549037210483121,0.061515696,1.0,low
8,avGFP,5,L177V:Q183R:R167C:T42I:V149I,0.1587807774543762,0.0109577804593167,0.1533018872247178,0.085234456,1.0,low
9,avGFP,5,E94Q:F222Y:K157G:K165E:L194M,0.1573769718408584,0.0096296909423087,0.152562126369704,0.12845857,1.0,low
10,avGFP,5,E123K:I170V:K157G:T202I:V15I,0.1576960831880569,0.0179353413052968,0.1487284125354085,0.13801332,1.0,low
1,cgreGFP,2,A2E:I163V,0.11912112981081,0.011432942456205,0.1134046585827075,0.005856509,1.0,low
2,cgreGFP,2,I163V:K32R,0.1163853749632835,0.0118715526210419,0.1104495986527625,0.0021052344,1.0,low
3,cgreGFP,2,I30V:T118A,0.1165089562535286,0.0156732385258068,0.1086723369906252,-0.001311228,1.0,low
4,cgreGFP,2,I30V:S99T,0.1151736870408058,0.0135064276879069,0.1084204731968523,0.0005753189,1.0,low
5,cgreGFP,2,I30V:I49V,0.1133362859487533,0.0124209284002056,0.1071258217486505,0.00032450494,1.0,low
6,cgreGFP,2,T216S:T40S,0.116167639195919,0.0197865992800183,0.1062743395559098,-0.0014006958,1.0,low
7,cgreGFP,2,I163V:I17V,0.1146902963519096,0.0168582741077517,0.1062611592980337,0.0010401583,1.0,low
8,cgreGFP,2,I152V:I163V,0.1161974266171455,0.0211638814731648,0.1056154858805631,0.0049337624,1.0,low
9,cgreGFP,2,D212N:T232S,0.1136155396699905,0.0172765702482968,0.1049772545458421,-0.0014461179,1.0,low
10,cgreGFP,2,I152V:L119V,0.115532673895359,0.0211625724015575,0.1049513876945802,0.0036410294,1.0,low
1,cgreGFP,3,D54V:E192Q:L197P,0.1133727192878723,0.0219794123133244,0.1023830131312101,0.008736156,1.0,low
2,cgreGFP,3,E19Q:L197P:M172I,0.1064329028129577,0.0109578142593638,0.1009539956832758,0.008300041,1.0,low
3,cgreGFP,3,I30N:L197Q:L3P,0.1039426356554031,0.0082352190981825,0.0998250261063118,0.0013003878,1.0,low
4,cgreGFP,3,I163V:K162R:S99T,0.1073162108659744,0.018795760308677,0.0979183307116358,0.008943048,1.0,low
5,cgreGFP,3,A81S:E215V:Y143F,0.0996788531541824,0.006657629551246,0.0963500383785593,0.004049106,1.0,low
6,cgreGFP,3,E21Q:K162R:N116D,0.1027802482247352,0.0141913413253666,0.0956845775620519,0.008523211,1.0,low
7,cgreGFP,3,K157Q:N166I:R78H,0.0995728105306625,0.0083161741870653,0.0954147234371298,0.0012102326,1.0,low
8,cgreGFP,3,D212N:L142M:Y106F,0.1022556900978088,0.0147163580850444,0.0948975110552866,-0.0039987345,1.0,low
9,cgreGFP,3,D107N:D212N:Y143F,0.0997843146324157,0.0125721800383731,0.0934982246132291,0.0013762114,1.0,low
10,cgreGFP,3,E193A:I163V:L142V,0.0961251348257064,0.0057714756666032,0.0932393969924048,0.009693953,1.0,low
1,cgreGFP,4,D107N:D194N:L119I:R78P,0.1005755752325057,0.0175584704441598,0.0917963400104258,0.00820719,1.0,low
2,cgreGFP,4,D212N:I30T:K186R:R78S,0.0973023772239685,0.012183744181572,0.0912105051331824,0.008225434,1.0,low
3,cgreGFP,4,D194E:E231D:I163V:L119I,0.0930222928524017,0.0072053954855918,0.0894195951096058,0.01703051,1.0,low
4,cgreGFP,4,E21D:I14V:I163V:N116D,0.0931408524513244,0.0075750303761243,0.0893533372632622,-0.0015177813,1.0,low
5,cgreGFP,4,A81S:E192Q:L197Q:M27K,0.0983724147081375,0.0185938963124744,0.0890754665519003,-0.0026984431,1.0,low
6,cgreGFP,4,D212E:D23N:I30T:K162R,0.093523308634758,0.0101944314247173,0.0884260929223993,0.0032183165,1.0,low
7,cgreGFP,4,A81S:D23N:E19Q:L142V,0.0932295620441436,0.0101633310465283,0.0881478965208795,0.003159971,1.0,low
8,cgreGFP,4,E215K:I152V:S99T:T118A,0.0960173815488815,0.0159549905628486,0.0880398862674572,0.0044821776,1.0,low
9,cgreGFP,4,E19Q:I163V:K12Q:M172L,0.0959519684314727,0.0159108006622368,0.0879965681003543,0.011487262,1.0,low
10,cgreGFP,4,E192Q:K186R:R78S:Y114L,0.0964371725916862,0.0181275849269286,0.0873733801282219,0.010162071,1.0,low
1,cgreGFP,5,E193Q:E19Q:I163V:K157R:Y143H,0.0971007704734802,0.012764712484607,0.0907184142311767,0.010485775,1.0,low
2,cgreGFP,5,D214N:E19Q:H176Y:L197M:M172I,0.0887184977531433,0.009912196503237,0.0837623995015247,0.006155964,1.0,low
3,cgreGFP,5,E19Q:K131N:K32R:K8Q:T4S,0.0912747859954834,0.0166080118547419,0.0829707800681124,0.012138683,1.0,low
4,cgreGFP,5,I14V:I152V:K28R:M172I:T216S,0.0841535925865173,0.0039250118429104,0.0821910866650621,-0.0033568672,1.0,low
5,cgreGFP,5,E192Q:H176Y:I163V:K157R:R78H,0.0883953958749771,0.0145698492238051,0.0811104712630745,0.0036055143,1.0,low
6,cgreGFP,5,E215Q:K162M:L3I:M172E:T118K,0.0855978637933731,0.0105201414260694,0.0803377930803384,0.014379689,1.0,low
7,cgreGFP,5,E21Q:E5D:K109Q:K12R:T4S,0.0851306617259979,0.0098327996924572,0.0802142618797693,0.006359607,1.0,low
8,cgreGFP,5,A2V:D214N:E192Q:E231D:I221V,0.0863291293382644,0.0154868632443032,0.0785856977161128,0.0038223236,1.0,low
9,cgreGFP,5,A2V:E192Q:K109Q:K12R:R78G,0.0828900128602981,0.0098596650055476,0.0779601803575243,0.007991302,1.0,low
10,cgreGFP,5,E192K:E19Q:I14L:M172V:S99T,0.0851957112550735,0.0151127971553454,0.0776393126774008,0.0051476858,1.0,low
1,ppluGFP,2,G206R:L199H,0.1141130149364471,0.0096613413346351,0.1092823442691295,0.07363097,1.0,low
2,ppluGFP,2,A221E:Y210H,0.1069871366024017,0.0044100318662411,0.1047821206692811,0.062101237,1.0,low
3,ppluGFP,2,L199H:T216R,0.1081963330507278,0.0091706227945831,0.1036110216534362,0.05822364,1.0,low
4,ppluGFP,2,G206E:T34G,0.1009931772947311,0.0068573922260206,0.0975644811817208,0.048914466,1.0,low
5,ppluGFP,2,F167Y:L199R,0.0978731900453567,0.0097081853578291,0.0930190973664421,0.04855139,1.0,low
6,ppluGFP,2,A221E:R32L,0.096389490365982,0.0083168112761897,0.0922310847278871,0.060918964,1.0,low
7,ppluGFP,2,G206E:T27N,0.0960873574018478,0.0102190427976106,0.0909778360030425,0.04379458,1.0,low
8,ppluGFP,2,F193Y:L199H,0.0965250432491302,0.0116216651903505,0.0907142106539549,0.039176494,1.0,low
9,ppluGFP,2,R32C:T34A,0.0992471277713775,0.0200487272982826,0.0892227641222362,0.060420178,1.0,low
10,ppluGFP,2,G206R:T34A,0.092348974943161,0.0064460312594842,0.0891259593134189,0.063256286,1.0,low
1,ppluGFP,3,A221E:G206E:H97R,0.0986903697252273,0.0136388200011049,0.0918709597246748,0.07680232,1.0,low
2,ppluGFP,3,K215T:L199R:R32H,0.0961025744676589,0.011738324312688,0.0902334123113149,0.07846025,1.0,low
3,ppluGFP,3,F193Y:R32S:T34N,0.0881370306015014,0.0069919625700172,0.0846410493164928,0.0541212,1.0,low
4,ppluGFP,3,G206R:T216K:T27S,0.0894074618816375,0.0102509113905923,0.0842820061863414,0.056448698,1.0,low
5,ppluGFP,3,E204K:G206E:M37V,0.0873004555702209,0.0094881577315732,0.0825563767044343,0.06107134,1.0,low
6,ppluGFP,3,E122K:F220S:T216K,0.0864658415317535,0.0090280644228841,0.0819518093203115,0.032170214,1.0,low
7,ppluGFP,3,H172N:L199R:T216K,0.0853097736835479,0.0118771256904045,0.0793712108383457,0.05406256,1.0,low
8,ppluGFP,3,E204K:G206R:R195L,0.0842229694128036,0.0099803783491069,0.0792327802382501,0.06752595,1.0,low
9,ppluGFP,3,L199F:P217S:T216K,0.0841564834117889,0.0106114545942005,0.0788507561146886,0.05414077,1.0,low
10,ppluGFP,3,D146E:R195S:T34N,0.0812001645565033,0.0059659013968862,0.0782172138580601,0.04908128,1.0,low
1,ppluGFP,4,H61Y:I218S:L199H:Q185E,0.0810890883207321,0.0085288935449981,0.076824641548233,0.0514326,1.0,low
2,ppluGFP,4,A43P:G206E:R195S:T216K,0.0830262631177902,0.013216484003123,0.0764180211162287,0.086636074,1.0,low
3,ppluGFP,4,E197A:G206V:R32S:T34S,0.0831966988742351,0.0152823324181858,0.0755555326651422,0.08398637,1.0,low
4,ppluGFP,4,F220I:I218N:T203I:Y210H,0.0799889594316482,0.010283288579422,0.0748473151419372,0.03723897,1.0,low
5,ppluGFP,4,L199V:R32C:T216K:V148E,0.0792565643787384,0.0094326092949992,0.0745402597312387,0.08577534,1.0,low
6,ppluGFP,4,A219S:E204V:G206R:K114R,0.0803676575422287,0.0116550748131113,0.074540120135673,0.060169276,1.0,low
7,ppluGFP,4,A76S:E105N:G206V:L199H,0.0757394313812255,0.004436232500104,0.0735213151311735,0.052899394,1.0,low
8,ppluGFP,4,A221E:F220L:H174L:T216K,0.0805568419396877,0.015324948900243,0.0728943674895661,0.06230018,1.0,low
9,ppluGFP,4,A219D:G68D:R195L:T216K,0.0794228352606296,0.0156849380160005,0.0715803662526293,0.080841735,1.0,low
10,ppluGFP,4,A219D:G206R:K114R:Q30L,0.0784525781869888,0.0148766891478279,0.0710142336130748,0.07673627,1.0,low
1,ppluGFP,5,A221E:A2G:F220S:G187D:R32G,0.0809677608311176,0.0116665316658289,0.0751344949982031,0.07721229,1.0,low
2,ppluGFP,5,A192V:E25K:F220L:R195S:T34S,0.0726523377001285,0.00841337033194,0.0684456525341585,0.08727077,1.0,low
3,ppluGFP,5,A76S:H142Y:I218M:L199R:T34S,0.0741839654743671,0.0128106781730286,0.0677786263878528,0.06980117,1.0,low
4,ppluGFP,5,A106E:F220S:L199H:N147T:V168L,0.0733596138656139,0.0123686369685873,0.0671752953813202,0.051517878,1.0,low
5,ppluGFP,5,D146N:G187D:G206A:L199H:Q185E,0.07203925922513,0.0165123180374141,0.0637831002064229,0.071421504,1.0,low
6,ppluGFP,5,A219D:H174N:L199R:Q185E:Y49F,0.0692436642944812,0.0137665897611081,0.0623603694139272,0.0878954,1.0,low
7,ppluGFP,5,R133C:R32S:T118K:T27I:Y210H,0.0689734570682048,0.0133684144886403,0.0622892498238846,0.08001668,1.0,low
8,ppluGFP,5,A106E:G206R:L199V:M3I:Y49F,0.0666540823876857,0.0089916932628881,0.0621582357562416,0.07968077,1.0,low
9,ppluGFP,5,F167S:G206E:K215M:M33L:T34S,0.0705107718706131,0.0171825859231992,0.0619194789090134,0.106822714,1.0,low
10,ppluGFP,5,A219D:E25K:F167Y:G206W:T216K,0.078367818146944,0.0346082392556071,0.0610636985191404,0.09483346,1.0,low
